Linear,GP,SingleCue,EqualWeighting
0.26673825297365816,0.26880013113262025,0.1263221557858767,0.024442792731155683
