Linear,GP,SingleCue,EqualWeighting
0.27671326310922495,0.27663717444239255,-0.010821046111051391,-0.0016638363863767935
