Linear,GP,SingleCue,EqualWeighting
0.1797745527322624,0.17621757665245008,-0.08411038631514423,-0.002973699547396347
