Linear,GP,SingleCue,EqualWeighting
0.361802689970933,0.36217999635325215,0.36166165410885776,0.03973135423906515
