Linear,GP,SingleCue,EqualWeighting
0.2792178754486465,0.27849061254022756,0.10776021568453831,0.011611849695698506
