Linear,GP,SingleCue,EqualWeighting
0.31722230941713914,0.3174432175793851,0.31795654413036245,0.028221228581835178
