Linear,GP,SingleCue,EqualWeighting
0.16811018371559383,8.65946875444612e-05,-0.12878274563946301,-0.0014346533324296473
