,Linear,GP,SingleCue,EqualWeighting
Linear,316.2416125801951,480.0050873549978,1067.0046535734014,4574.051937474841
GP,519.2867622084673,337.3730915713785,1058.3424194631482,4576.476217527697
SingleCue,1065.530317258586,1009.0451164690509,323.3517164039885,4817.71004229016
EqualWeighting,5821.844981928547,5757.292648955221,5956.214612919874,735.9413992682462
