,Linear,GP,SingleCue,EqualWeighting
Linear,317.0038361695553,461.8341731693115,2124.1798828781166,4081.189292563069
GP,558.7794964460717,357.246140790194,2264.084230155991,4121.470904432435
SingleCue,2474.3993465686435,2508.442371652182,410.4829006872783,4039.81758623569
EqualWeighting,8534.847306900141,8465.107400868588,8149.00054937007,1934.8347397631508
