,Linear,GP,SingleCue,EqualWeighting
Linear,307.35938275584516,331.4137666541799,421.3131142533467,4446.6310710945245
GP,374.75201072954496,326.8973361169896,455.5551404508806,4458.969870729741
SingleCue,411.6060623638983,397.7998258283934,299.7479759464665,4434.159698262256
EqualWeighting,5620.705183258107,5585.783751195273,5646.561194837489,732.7033651820345
