,Linear,GP,SingleCue,EqualWeighting
Linear,97.94502699603646,98.96866978382349,98.49335454429522,1495.4210068943873
GP,98.47949707395198,97.47362063232305,98.94183711164342,1492.0654505474295
SingleCue,97.22568359896269,98.12521736209862,96.69905763999682,1492.4868026965905
EqualWeighting,1792.0909740908419,1790.3291372459553,1789.952206391075,196.84419915344705
