,Linear,GP,SingleCue,EqualWeighting
Linear,115.85195757393922,138.07035700050443,228.98311435729846,1399.1604372634042
GP,183.13183520869282,136.99382261895096,263.48334360026956,1414.6556696781847
SingleCue,221.6009192020478,206.41145924492238,110.53071159019288,1392.8322621971215
EqualWeighting,2009.6275281197252,1974.9081222872026,2039.0366121461138,355.41394667365023
