,Linear,GP,SingleCue,EqualWeighting
Linear,384.9547041369301,2599.3019270997947,4029.6849227338944,3449.2325668438093
GP,8079.3759755570345,2599.3019270997947,7173.879464958227,3609.9813419447255
SingleCue,4831.761191516076,2599.3019270997947,673.8001128526428,3591.2110526235956
EqualWeighting,7888.069174856542,2599.3019270997947,7155.318603011361,2075.036003931132
