,Linear,GP,SingleCue,EqualWeighting
Linear,93.56239818586944,94.37473986985194,93.83664535175302,1552.0496269367325
GP,93.14067844690013,92.4298928657156,93.12995973896763,1552.2487505041265
SingleCue,92.77945956288775,93.26314922137237,92.51820671627681,1548.8406333685439
EqualWeighting,1818.9866810475394,1820.5464916621156,1817.5723763002993,180.44521935493714
